{
  "MainForm_DragFile": "Přesuňte soubor zde",
  "MainForm_More": "Více",
  "SettingsForm_Title": "Nastavení",
  "SettingsForm_General": "Obecné nastavení",
  "SettingsForm_Key": "API klíč",
  "SettingsForm_Get": "Získat API klíč",
  "SettingsForm_Language": "Jazyk",
  "SettingsForm_Save": "Uložit",
  "SettingsForm_Open": "Otevřit soubor nastavení",
  "UploadForm_Info": "Informace o souboru",
  "UploadForm_Upload": "Nahrát",
  "UploadForm_Cancel": "Zrušit",
  "Message_Idle": "Nic.",
  "Message_Init": "Inicializace...",
  "Message_Check": "Kontrola...",
  "Message_Upload": "Nahrávání...",
  "Message_NoLink": "Zádný odkaz v odpovědi serveru!",
  "Message_NoSettings": "Soubor nastavení neexistuje.",
  "Message_Saved": "Nastavení uloženo."
}
